Name;Smiles;Inchi;CasRN;MeltingPoint;BoilingPoint;WaterSolubility_mg_mL;LogP;Ref;ppm_exp;n_peaks_exp;multiplicity_exp;n_Hs_exp;atom_number_exp;peak_centers_exp;ExperimentalConditions;ppm_pred;n_peaks_pred;multiplicity_pred;n_Hs_pred;atom_number_pred;peak_centers_pred;predCondition
1-Methyladenine;CN1C=NC2=NC=NC2=C1N;InChI=1S/C6H7N5/c1-11-3-10-6-4(5(11)7)8-2-9-6/h2-3H,7H2,1H3;5142-22-3;> 300 °C;Not Available;Not Available;Not Available;https://hmdb.ca/metabolites/HMDB0011599;[8.4, 8.28, 3.9];[1, 1, 1];['s', 's', 's'];[1, 1, 3];[[15], [16], [12, 13, 14]];[[8.4], [8.28], [3.9]];1H NMR Spectrum (1D, 600 MHz, H2O, experimental);[8.28, 8.06, 3.97];[1, 1, 1];['s', 's', 's'];[1, 1, 3];[[15], [16], [12, 13, 14]];[[8.28], [8.06], [3.97]];1H NMR Spectrum (1D, 500 MHz, D2O, predicted)
3-Methyladenine;CN1C=NC(N)=C2N=CN=C12;InChI=1S/C6H7N5/c1-11-3-10-5(7)4-6(11)9-2-8-4/h2-3H,7H2,1H3;5142-23-4;Not Available;Not Available;Not Available;Not Available;https://hmdb.ca/metabolites/HMDB0011600;[8.28, 8.06, 3.97];[1, 1, 2];['s', 's', 'd'];[1, 1, 3];[[15], [18], [12, 13, 14]];[[8.28], [8.06], [3.97, 3.97]];1H NMR Spectrum (1D, 600 MHz, H2O, experimental);[8.06, 8.01, 3.97];[1, 1, 1];['s', 's', 's'];[1, 1, 3];[[18], [15], [12, 13, 14]];[[8.06], [8.01], [3.97]];1H NMR Spectrum (1D, 500 MHz, D2O, predicted)
4-(Methylnitrosamino)-1-(3-pyridyl)-1-butanone;CN(CCCC(=O)C1=CN=CC=C1)N=O;InChI=1S/C10H13N3O2/c1-13(12-15)7-3-5-10(14)9-4-2-6-11-8-9/h2,4,6,8H,3,5,7H2,1H3;64091-91-4;64 °C;Not Available;Not Available;Not Available;https://hmdb.ca/metabolites/HMDB0011603;[9.02, 8.72, 8.33, 7.59, 4.28, 3.18, 3.16, 2.22];[4, 4, 6, 4, 3, 3, 1, 3];['dd', 'dd', 'dt', 'dd', 't', 't', 's', 't'];[1, 1, 1, 1, 2, 2, 3, 2];[[28], [27], [25], [26], [19, 20], [23, 24], [16, 17, 18], [21, 22]];[[9.02, 9.02, 9.02, 9.02], [8.71, 8.72, 8.72, 8.73], [8.32, 8.32, 8.33, 8.33, 8.34, 8.34], [7.58, 7.59, 7.59, 7.6], [4.27, 4.28, 4.29], [3.17, 3.18, 3.19], [3.16], [2.21, 2.22, 2.23]];1H NMR Spectrum (1D, 600 MHz, H2O, experimental);;;;;;;
7-Methyladenine;CN1C=NC2=NC=NC(N)=C12;InChI=1S/C6H7N5/c1-11-3-10-6-4(11)5(7)8-2-9-6/h2-3H,1H3,(H2,7,8,9);935-69-3;Not Available;Not Available;Not Available;Not Available;https://hmdb.ca/metabolites/HMDB0011614;[8.18, 8.1, 4.04];[1, 1, 1];['s', 's', 's'];[1, 1, 3];[[16], [15], [12, 13, 14]];[[8.18], [8.1], [4.04]];1H NMR Spectrum (1D, 600 MHz, H2O, experimental);[8.18, 8.1, 4.04];[1, 1, 1];['s', 's', 's'];[1, 1, 3];[[16], [15], [12, 13, 14]];[[8.18], [8.1], [4.04]];1H NMR Spectrum (1D, 500 MHz, D2O, predicted)
Arachidyl alcohol;CCCCCCCCCCCCCCCCCCCCO;InChI=1S/C20H42O/c1-2-3-4-5-6-7-8-9-10-11-12-13-14-15-16-17-18-19-20-21/h21H,2-20H2,1H3;629-96-9;66.1 °C;Not Available;Not Available;Not Available;https://hmdb.ca/metabolites/HMDB0011619;;;;;;;;;;;;;;
Decanal;CCCCCCCCCC=O;InChI=1S/C10H20O/c1-2-3-4-5-6-7-8-9-10-11/h10H,2-9H2,1H3;112-31-2;-5 °C;Not Available;Not Available;Not Available;https://hmdb.ca/metabolites/HMDB0011623;;;;;;;;;;;;;;
Glycyrrhetinic acid;CC1(C)[C@@H](O)CC[C@@]2(C)C1CC[C@]1(C)C2C(=O)C=C2C3C[C@](C)(CC[C@]3(C)CC[C@@]12C)C(O)=O;InChI=1S/C30H46O4/c1-25(2)21-8-11-30(7)23(28(21,5)10-9-22(25)32)20(31)16-18-19-17-27(4,24(33)34)13-12-26(19,3)14-15-29(18,30)6/h16,19,21-23,32H,8-15,17H2,1-7H3,(H,33,34)/t19?,21?,22-,23?,26+,27-,28-,29+,30+/m0/s1;471-53-4;296 °C;Not Available;Not Available;Not Available;https://hmdb.ca/metabolites/HMDB0011628;;;;;;;;;;;;;;
L-Iditol;OC[C@H](O)[C@@H](O)[C@H](O)[C@@H](O)CO;InChI=1S/C6H14O6/c7-1-3(9)5(11)6(12)4(10)2-8/h3-12H,1-2H2/t3-,4-,5+,6+/m0/s1;488-45-9;Not Available;Not Available;Not Available;Not Available;https://hmdb.ca/metabolites/HMDB0011632;;;;;;;;[3.83, 3.83, 3.83, 3.81, 3.81, 3.7, 3.65];[4, 6, 2, 4, 6, 4, 4];['dd', 'td', 'd', 'dd', 'td', 'dd', 'dd'];[1, 1, 2, 1, 1, 1, 1];[[25], [22], [14, 15], [20], [16], [18], [24]];[[3.85, 3.84, 3.82, 3.81], [3.85, 3.84, 3.83, 3.83, 3.82, 3.81], [3.84, 3.82], [3.82, 3.81, 3.81, 3.8], [3.83, 3.82, 3.81, 3.81, 3.8, 3.79], [3.71, 3.7, 3.7, 3.69], [3.67, 3.66, 3.64, 3.63]];1H NMR Spectrum (1D, 500 MHz, D2O, predicted)
Norspermidine;NCCCNCCCN;InChI=1S/C6H17N3/c7-3-1-5-9-6-2-4-8/h9H,1-8H2;56-18-8;-14 °C;Not Available;Not Available;Not Available;https://hmdb.ca/metabolites/HMDB0011634;[2.69, 2.63, 2.63, 1.65, 1.65];[3, 3, 3, 5, 5];['t', 't', 't', 'm', 'm'];[4, 2, 2, 2, 2];[[16, 17, 19, 20], [23, 24], [12, 13], [21, 22], [14, 15]];[[2.68, 2.69, 2.7], [2.62, 2.63, 2.64], [2.62, 2.63, 2.64], [1.62, 1.64, 1.65, 1.66, 1.68], [1.62, 1.64, 1.65, 1.66, 1.68]];1H NMR Spectrum (1D, 500 MHz, H2O, experimental);[2.81, 2.69, 2.63, 1.65, 1.65];[3, 3, 3, 9, 9];['t', 't', 't', 'tt', 'tt'];[2, 2, 4, 2, 2];[[23, 24], [12, 13], [16, 17, 19, 20], [21, 22], [14, 15]];[[2.82, 2.81, 2.8], [2.7, 2.69, 2.68], [2.64, 2.63, 2.62], [1.68, 1.66, 1.65, 1.66, 1.65, 1.64, 1.65, 1.64, 1.62], [1.68, 1.66, 1.65, 1.66, 1.65, 1.64, 1.65, 1.64, 1.62]];1H NMR Spectrum (1D, 500 MHz, D2O, predicted)
p-Cresol sulfate;CC1=CC=C(OS(O)(=O)=O)C=C1;InChI=1S/C7H8O4S/c1-6-2-4-7(5-3-6)11-12(8,9)10/h2-5H,1H3,(H,8,9,10);3233-58-7;Not Available;Not Available;Not Available;Not Available;https://hmdb.ca/metabolites/HMDB0011635;;;;;;;;[7.13, 7.13, 6.82, 2.31];[8, 8, 16, 1];['ddd', 'ddd', 'ddd', 's'];[1, 1, 2, 3];[[16], [20], [17, 19], [13, 14, 15]];[[7.14, 7.14, 7.14, 7.14, 7.12, 7.12, 7.12, 7.12], [7.14, 7.14, 7.14, 7.14, 7.12, 7.12, 7.12, 7.12], [6.83, 6.83, 6.83, 6.83, 6.81, 6.81, 6.81, 6.81, 6.83, 6.83, 6.83, 6.83, 6.81, 6.81, 6.81, 6.81], [2.31]];1H NMR Spectrum (1D, 500 MHz, D2O, predicted)
17alpha,20alpha-Dihydroxypregn-4-en-3-one;[H][C@@]12CC[C@](O)([C@H](C)O)[C@@]1(C)CC[C@@]1([H])[C@@]2([H])CCC2=CC(=O)CC[C@]12C;InChI=1S/C21H32O3/c1-13(22)21(24)11-8-18-16-5-4-14-12-15(23)6-9-19(14,2)17(16)7-10-20(18,21)3/h12-13,16-18,22,24H,4-11H2,1-3H3/t13-,16+,17-,18-,19-,20-,21-/m0/s1;652-69-7;Not Available;Not Available;Not Available;Not Available;https://hmdb.ca/metabolites/HMDB0011653;;;;;;;;;;;;;;
2-Methylhippuric acid;CC1=C(C=CC=C1)C(=O)NCC(O)=O;InChI=1S/C10H11NO3/c1-7-4-2-3-5-8(7)10(14)11-6-9(12)13/h2-5H,6H2,1H3,(H,11,14)(H,12,13);42013-20-7;Not Available;Not Available;Not Available;Not Available;https://hmdb.ca/metabolites/HMDB0011723;[7.43, 7.43, 7.31, 7.31, 4.03, 2.38];[4, 4, 3, 4, 2, 1];['dd', 'dd', 'dd', 'dd', 'd', 's'];[1, 1, 1, 1, 2, 3];[[21], [19], [20], [18], [23, 24], [15, 16, 17]];[[7.42, 7.42, 7.44, 7.44], [7.42, 7.43, 7.43, 7.44], [7.3, 7.31, 7.32], [7.3, 7.3, 7.32, 7.32], [4.02, 4.04], [2.38]];1H NMR Spectrum (1D, 500 MHz, H2O, experimental);;;;;;;
Glycyl-glycine;NCC(=O)NCC(O)=O;InChI=1S/C4H8N2O3/c5-1-3(7)6-2-4(8)9/h1-2,5H2,(H,6,7)(H,8,9);556-50-3;215 °C;453.24 °C. @  760.00 mm Hg (est);166 mg/mL at 21 °C;-2.92;https://hmdb.ca/metabolites/HMDB0011733;[3.83, 3.81];[1, 1];['s', 's'];[2, 2];[[15, 16], [12, 13]];[[3.83], [3.81]];1H NMR Spectrum (1D, 500 MHz, H2O, experimental);[3.83, 3.81];[1, 1];['s', 's'];[2, 2];[[15, 16], [12, 13]];[[3.83], [3.81]];1H NMR Spectrum (1D, 500 MHz, D2O, predicted)
N-Acetyl-L-methionine;CSCC[C@H](NC(C)=O)C(O)=O;InChI=1S/C7H13NO3S/c1-5(9)8-6(7(10)11)3-4-12-2/h6H,3-4H2,1-2H3,(H,8,9)(H,10,11)/t6-/m0/s1;65-82-7;105.5 °C;453.60 °C. @  760.00 mm Hg (est);307 at 25 °C;-0.03;https://hmdb.ca/metabolites/HMDB0011745;;;;;;;;[4.36, 2.56, 2.53, 2.12, 2.02, 2.01];[3, 6, 6, 1, 1, 6];['t', 'dt', 'dt', 's', 's', 'td'];[1, 1, 1, 3, 3, 2];[[20], [17], [16], [13, 14, 15], [22, 23, 24], [18, 19]];[[4.37, 4.36, 4.35], [2.59, 2.57, 2.56, 2.56, 2.55, 2.53], [2.56, 2.54, 2.53, 2.53, 2.52, 2.5], [2.12], [2.02], [2.03, 2.02, 2.02, 2.0, 2.0, 1.99]];1H NMR Spectrum (1D, 500 MHz, D2O, predicted)
2-Piperidinone;O=C1CCCCN1;InChI=1S/C5H9NO/c7-5-3-1-2-4-6-5/h1-4H2,(H,6,7);675-20-7;39.5 °C;Not Available;291 mg/mL at 25 °C;-0.46;https://hmdb.ca/metabolites/HMDB0011749;;;;;;;;[3.28, 2.32, 2.32, 1.75];[16, 8, 6, 16];['ddd', 'ddd', 'dt', 'm'];[2, 1, 1, 4];[[14, 15], [8], [9], [10, 11, 12, 13]];[[3.3, 3.29, 3.29, 3.29, 3.27, 3.27, 3.27, 3.26, 3.31, 3.3, 3.28, 3.28, 3.28, 3.28, 3.26, 3.25], [2.35, 2.34, 2.33, 2.33, 2.31, 2.31, 2.3, 2.29], [2.36, 2.34, 2.32, 2.32, 2.3, 2.28], [1.77, 1.74, 1.76, 1.73, 1.76, 1.74, 1.76, 1.74, 1.76, 1.75, 1.75, 1.74, 1.77, 1.74, 1.76, 1.73]];1H NMR Spectrum (1D, 500 MHz, D2O, predicted)
3-Methoxybenzenepropanoic acid;COC1=CC=CC(CCC(O)=O)=C1;InChI=1S/C10H12O3/c1-13-9-4-2-3-8(7-9)5-6-10(11)12/h2-4,7H,5-6H2,1H3,(H,11,12);10516-71-9;Not Available;Not Available;Not Available;Not Available;https://hmdb.ca/metabolites/HMDB0011751;[7.3, 6.88, 6.88, 6.88, 3.82, 2.89, 2.58];[3, 6, 8, 8, 1, 3, 3];['t', 'td', 'ddd', 'ddd', 's', 't', 't'];[1, 1, 1, 1, 3, 2, 2];[[18], [25], [19], [17], [14, 15, 16], [20, 21], [22, 23]];[[7.28, 7.3, 7.32], [6.85, 6.87, 6.87, 6.89, 6.9, 6.91], [6.86, 6.87, 6.87, 6.88, 6.88, 6.89, 6.89, 6.9], [6.86, 6.87, 6.87, 6.88, 6.88, 6.89, 6.89, 6.9], [3.82], [2.87, 2.89, 2.91], [2.56, 2.58, 2.6]];1H NMR Spectrum (1D, 500 MHz, H2O, experimental);;;;;;;
(R)-2-Benzylsuccinate;OC(=O)C[C@H](CC1=CC=CC=C1)C(O)=O;InChI=1S/C11H12O4/c12-10(13)7-9(11(14)15)6-8-4-2-1-3-5-8/h1-5,9H,6-7H2,(H,12,13)(H,14,15)/t9-/m0/s1;884-33-3;Not Available;Not Available;Not Available;Not Available;https://hmdb.ca/metabolites/HMDB0012127;;;;;;;;;;;;;;
(S)-Lipoic acid;OC(=O)CCCC[C@H]1CCSS1;InChI=1S/C8H14O2S2/c9-8(10)4-2-1-3-7-5-6-11-12-7/h7H,1-6H2,(H,9,10)/t7-/m0/s1;1077-27-6;Not Available;Not Available;0.22 g/L;2.1;https://hmdb.ca/metabolites/HMDB0014312;;;;;;;;;;;;;;
Sumiki's acid;OCC1=CC=C(O1)C(O)=O;InChI=1S/C6H6O4/c7-3-4-1-2-5(10-4)6(8)9/h1-2,7H,3H2,(H,8,9);6338-41-6;Not Available;349.40 °C. @  760.00 mm Hg (est);227300 mg/L @ 25 °C (est);-0.550 (est);https://hmdb.ca/metabolites/HMDB0029188;[6.95, 6.46, 4.59];[2, 2, 1];['d', 'd', 's'];[1, 1, 2];[[12], [13], [14, 15]];[[6.95, 6.94], [6.47, 6.46], [4.59]];1H NMR Spectrum (1D, 500 MHz, H2O, experimental);[6.95, 6.47, 4.59];[2, 2, 1];['d', 'd', 's'];[1, 1, 2];[[12], [13], [14, 15]];[[6.95, 6.95], [6.47, 6.47], [4.59]];1H NMR Spectrum (1D, 500 MHz, D2O, predicted)
Angelic acid;C\C=C(\C)C(O)=O;InChI=1S/C5H8O2/c1-3-4(2)5(6)7/h3H,1-2H3,(H,6,7)/b4-3-;565-63-9;45 °C;85.50 to   87.50 °C. @   13.00 mm Hg;0 soluble in hot water;1.076 (est);https://hmdb.ca/metabolites/HMDB0029608;;;;;;;;;;;;;;
Neotrehalose;[H][C@@]1(O[C@H]2O[C@H](CO)[C@@H](O)[C@H](O)[C@H]2O)O[C@H](CO)[C@@H](O)[C@H](O)[C@H]1O;InChI=1S/C12H22O11/c13-1-3-5(15)7(17)9(19)11(21-3)23-12-10(20)8(18)6(16)4(2-14)22-12/h3-20H,1-2H2/t3-,4-,5-,6-,7+,8+,9-,10-,11-,12+/m1/s1;585-91-1;149 °C;Not Available;1000000 mg/L @ 25 °C (est);Not Available;https://hmdb.ca/metabolites/HMDB0029880;;;;;;;;[5.18, 4.62, 4.12, 4.12, 4.02, 3.84, 3.84, 3.75, 3.75, 3.63, 3.49, 3.49];[4, 9, 6, 3, 4, 12, 4, 12, 4, 8, 4, 6];['dd', 'dd', 'td', 'dd', 'dd', 'dd', 'dd', 'dd', 'dd', 'dd', 'dd', 'td'];[2, 1, 1, 1, 1, 1, 1, 1, 1, 2, 1, 1];[[28, 29], [36], [27], [42], [44], [32], [25], [31], [26], [38, 40], [34], [30]];[[5.18, 5.18, 5.18, 5.18], [4.61, 4.62, 4.62, 4.62, 4.62, 4.62, 4.62, 4.62, 4.63], [4.11, 4.11, 4.12, 4.12, 4.13, 4.13], [4.11, 4.12, 4.13], [4.01, 4.02, 4.02, 4.03], [3.82, 3.82, 3.83, 3.83, 3.84, 3.84, 3.85, 3.85, 3.85, 3.86, 3.86, 3.86], [3.82, 3.84, 3.85, 3.86], [3.73, 3.73, 3.73, 3.74, 3.74, 3.74, 3.75, 3.75, 3.76, 3.76, 3.77, 3.77], [3.73, 3.74, 3.75, 3.77], [3.63, 3.63, 3.63, 3.63, 3.63, 3.63, 3.63, 3.63], [3.49, 3.49, 3.49, 3.49], [3.48, 3.48, 3.49, 3.49, 3.5, 3.5]];1H NMR Spectrum (1D, 500 MHz, D2O, predicted)
Neotrehalose;[H][C@@]1(O[C@H]2O[C@H](CO)[C@@H](O)[C@H](O)[C@H]2O)O[C@H](CO)[C@@H](O)[C@H](O)[C@H]1O;InChI=1S/C12H22O11/c13-1-3-5(15)7(17)9(19)11(21-3)23-12-10(20)8(18)6(16)4(2-14)22-12/h3-20H,1-2H2/t3-,4-,5-,6-,7+,8+,9-,10-,11-,12+/m1/s1;585-91-1;149 °C;Not Available;1000000 mg/L @ 25 °C (est);Not Available;https://hmdb.ca/metabolites/HMDB0029880;;;;;;;;[5.18, 4.62, 4.12, 4.12, 4.02, 3.84, 3.84, 3.75, 3.75, 3.63, 3.49, 3.49];[4, 9, 6, 3, 4, 12, 4, 12, 4, 8, 4, 6];['dd', 'dd', 'td', 'dd', 'dd', 'dd', 'dd', 'dd', 'dd', 'dd', 'dd', 'td'];[2, 1, 1, 1, 1, 1, 1, 1, 1, 2, 1, 1];[[28, 29], [36], [27], [42], [44], [32], [25], [31], [26], [38, 40], [34], [30]];[[5.18, 5.18, 5.18, 5.18], [4.61, 4.62, 4.62, 4.62, 4.62, 4.62, 4.62, 4.62, 4.63], [4.11, 4.11, 4.12, 4.12, 4.13, 4.13], [4.11, 4.12, 4.13], [4.01, 4.02, 4.02, 4.03], [3.82, 3.82, 3.83, 3.83, 3.84, 3.84, 3.85, 3.85, 3.85, 3.86, 3.86, 3.86], [3.82, 3.84, 3.85, 3.86], [3.73, 3.73, 3.73, 3.74, 3.74, 3.74, 3.75, 3.75, 3.76, 3.76, 3.77, 3.77], [3.73, 3.74, 3.75, 3.77], [3.63, 3.63, 3.63, 3.63, 3.63, 3.63, 3.63, 3.63], [3.49, 3.49, 3.49, 3.49], [3.48, 3.48, 3.49, 3.49, 3.5, 3.5]];1H NMR Spectrum (1D, 500 MHz, D2O, predicted)
Glucaric acid;O[C@@H]([C@H](O)[C@@H](O)C(O)=O)[C@H](O)C(O)=O;InChI=1S/C6H10O8/c7-1(3(9)5(11)12)2(8)4(10)6(13)14/h1-4,7-10H,(H,11,12)(H,13,14)/t1-,2-,3-,4+/m0/s1;87-73-0;Not Available;Not Available;912 mg/mL;Not Available;https://hmdb.ca/metabolites/HMDB0029881;[4.12, 4.09, 4.05, 3.92];[1, 2, 2, 3];['s', 'd', 'dd', 't'];[1, 1, 1, 1];[[22], [16], [20], [18]];[[4.12], [4.1, 4.09], [4.06, 4.05], [3.93, 3.92, 3.91]];1H NMR Spectrum (1D, 600 MHz, 5%_DMSO, experimental);[4.13, 3.94, 3.7, 3.7];[2, 7, 4, 4];['d', 'dd', 'q', 'dd'];[1, 1, 1, 1];[[16], [18], [22], [20]];[[4.13, 4.14], [3.92, 3.93, 3.93, 3.94, 3.94, 3.95, 3.96], [3.69, 3.7, 3.7, 3.71], [3.69, 3.7, 3.7, 3.71]];1H NMR Spectrum (1D, 500 MHz, D2O, predicted)
Glyceric acid;OC[C@@H](O)C(O)=O;InChI=1S/C3H6O4/c4-1-2(5)3(6)7/h2,4-5H,1H2,(H,6,7)/t2-/m1/s1;473-81-4;Not Available;Not Available;1000 mg/mL;Not Available;https://hmdb.ca/metabolites/HMDB0031818;[4.13, 3.77];[3, 7];['m', 'm'];[1, 2];[[9], [11, 12]];[[4.14, 4.13, 4.12], [3.84, 3.83, 3.81, 3.75, 3.74, 3.73, 3.72]];1H NMR Spectrum (1D, 500 MHz, H2O, experimental);[3.82, 3.74, 3.59];[4, 4, 4];['dd', 'dd', 't'];[1, 1, 1];[[12], [11], [9]];[[3.8, 3.82, 3.83, 3.84], [3.72, 3.73, 3.74, 3.76], [3.56, 3.57, 3.58, 3.65]];1H NMR Spectrum (1D, 500 MHz, D2O, predicted)
(Z)-Cinnamaldehyde;O=C\C=C/C1=CC=CC=C1;InChI=1S/C9H8O/c10-8-4-7-9-5-2-1-3-6-9/h1-8H/b7-4-;57194-69-1;Not Available;245.00 to  246.00 °C. @  760.00 mm Hg;0 slightly;2.123 (est);https://hmdb.ca/metabolites/HMDB0032072;;;;;;;;;;;;;;
Glycocholic acid;C[C@H](CCC(O)=NCC(O)=O)[C@H]1CC[C@H]2[C@@H]3[C@H](O)C[C@@H]4C[C@H](O)CC[C@]4(C)[C@H]3C[C@H](O)[C@]12C;InChI=1S/C26H43NO6/c1-14(4-7-22(31)27-13-23(32)33)17-5-6-18-24-19(12-21(30)26(17,18)3)25(2)9-8-16(28)10-15(25)11-20(24)29/h14-21,24,28-30H,4-13H2,1-3H3,(H,27,31)(H,32,33)/t14-,15+,16-,17-,18+,19+,20-,21+,24+,25+,26-/m1/s1;475-31-0;170 °C;Not Available;0.0033 mg/mL;1.65;https://hmdb.ca/metabolites/HMDB0032596;[4.04, 3.88, 3.48, 2.37, 2.22, 2.08, 1.95, 1.69, 1.38, 1.26, 1.1, 1.0, 0.93, 0.9, 0.7];[1, 1, 4, 5, 6, 7, 3, 23, 8, 4, 8, 5, 3, 1, 1];['m', 'm', 'm', 'm', 'm', 'm', 'm', 'm', 'm', 'm', 'm', 'm', 't', 's', 's'];[1, 1, 1, 2, 4, 5, 4, 17, 4, 4, 2, 2, 3, 3, 3];[[56], [75], [68], [40, 41], [40, 41, 43, 44], [43, 44, 53, 70, 71], [47, 48, 64, 65], [38, 39, 46, 49, 50, 51, 52, 54, 55, 64, 65, 66, 67, 70, 71, 73, 74], [37, 38, 39, 72], [47, 48, 66, 67], [49, 50], [73, 74], [34, 35, 36], [61, 62, 63], [58, 59, 60]];[[4.04], [3.88], [3.46, 3.47, 3.48, 3.5], [2.35, 2.36, 2.37, 2.38, 2.39], [2.19, 2.2, 2.22, 2.23, 2.24, 2.25], [2.03, 2.05, 2.07, 2.09, 2.1, 2.11, 2.13], [1.94, 1.95, 1.96], [1.53, 1.55, 1.56, 1.57, 1.58, 1.63, 1.64, 1.65, 1.66, 1.67, 1.68, 1.69, 1.7, 1.71, 1.72, 1.73, 1.74, 1.77, 1.8, 1.81, 1.82, 1.83, 1.84], [1.33, 1.35, 1.36, 1.37, 1.38, 1.4, 1.41, 1.42], [1.24, 1.25, 1.27, 1.29], [1.07, 1.08, 1.09, 1.1, 1.11, 1.12, 1.13, 1.14], [0.97, 0.98, 0.99, 1.01, 1.03], [0.91, 0.93, 0.94], [0.9], [0.7]];1H NMR Spectrum (1D, 600 MHz, H2O, experimental);;;;;;;
L-Galactose;OC[C@@H]1O[C@@H](O)[C@@H](O)[C@H](O)[C@@H]1O;InChI=1S/C6H12O6/c7-1-2-3(8)4(9)5(10)6(11)12-2/h2-11H,1H2/t2-,3+,4+,5-,6+/m0/s1;12772-65-5;163 - 165 °C;527.11 °C. @  760.00 mm Hg (est);1000000 mg/L @ 25 °C (est);-3.290 (est);https://hmdb.ca/metabolites/HMDB0033704;;;;;;;;[5.21, 4.12, 3.95, 3.82, 3.74, 3.52];[2, 4, 4, 6, 2, 4];['d', 'dd', 'dd', 'dt', 'd', 'dd'];[1, 1, 1, 1, 2, 1];[[17], [23], [21], [16], [14, 15], [19]];[[5.22, 5.2], [4.13, 4.12, 4.12, 4.11], [3.96, 3.95, 3.95, 3.94], [3.84, 3.83, 3.82, 3.82, 3.81, 3.8], [3.75, 3.73], [3.53, 3.52, 3.52, 3.51]];1H NMR Spectrum (1D, 500 MHz, D2O, predicted)
L-Galactose;OC[C@@H]1O[C@@H](O)[C@@H](O)[C@H](O)[C@@H]1O;InChI=1S/C6H12O6/c7-1-2-3(8)4(9)5(10)6(11)12-2/h2-11H,1H2/t2-,3+,4+,5-,6+/m0/s1;12772-65-5;163 - 165 °C;527.11 °C. @  760.00 mm Hg (est);1000000 mg/L @ 25 °C (est);-3.290 (est);https://hmdb.ca/metabolites/HMDB0033704;;;;;;;;[5.21, 4.12, 3.95, 3.82, 3.74, 3.52];[2, 4, 4, 6, 2, 4];['d', 'dd', 'dd', 'dt', 'd', 'dd'];[1, 1, 1, 1, 2, 1];[[17], [23], [21], [16], [14, 15], [19]];[[5.22, 5.2], [4.13, 4.12, 4.12, 4.11], [3.96, 3.95, 3.95, 3.94], [3.84, 3.83, 3.82, 3.82, 3.81, 3.8], [3.75, 3.73], [3.53, 3.52, 3.52, 3.51]];1H NMR Spectrum (1D, 500 MHz, D2O, predicted)
(±)-erythro-Isoleucine;CCC(C)C(N)C(O)=O;InChI=1S/C6H13NO2/c1-3-4(2)5(7)6(8)9/h4-5H,3,7H2,1-2H3,(H,8,9);443-79-8;275 °C;225.00 to  226.00 °C. @  760.00 mm Hg;21.4 mg/mL at 25 °C;-1.70;https://hmdb.ca/metabolites/HMDB0033923;;;;;;;;[3.66, 2.05, 1.25, 1.0, 0.93];[2, 21, 8, 2, 3];['d', 'm', 'm', 'd', 't'];[1, 1, 2, 3, 3];[[19], [15], [13, 14], [16, 17, 18], [10, 11, 12]];[[3.67, 3.65], [2.09, 2.08, 2.08, 2.06, 2.05, 2.07, 2.06, 2.06, 2.05, 2.04, 2.06, 2.05, 2.05, 2.04, 2.03, 2.05, 2.04, 2.04, 2.02, 2.02, 2.01], [1.28, 1.26, 1.26, 1.25, 1.25, 1.24, 1.24, 1.22], [1.01, 0.99], [0.94, 0.93, 0.92]];1H NMR Spectrum (1D, 500 MHz, D2O, predicted)
(±)-erythro-Isoleucine;CCC(C)C(N)C(O)=O;InChI=1S/C6H13NO2/c1-3-4(2)5(7)6(8)9/h4-5H,3,7H2,1-2H3,(H,8,9);443-79-8;275 °C;225.00 to  226.00 °C. @  760.00 mm Hg;21.4 mg/mL at 25 °C;-1.70;https://hmdb.ca/metabolites/HMDB0033923;;;;;;;;[3.66, 2.05, 1.25, 1.0, 0.93];[2, 21, 8, 2, 3];['d', 'm', 'm', 'd', 't'];[1, 1, 2, 3, 3];[[19], [15], [13, 14], [16, 17, 18], [10, 11, 12]];[[3.67, 3.65], [2.09, 2.08, 2.08, 2.06, 2.05, 2.07, 2.06, 2.06, 2.05, 2.04, 2.06, 2.05, 2.05, 2.04, 2.03, 2.05, 2.04, 2.04, 2.02, 2.02, 2.01], [1.28, 1.26, 1.26, 1.25, 1.25, 1.24, 1.24, 1.22], [1.01, 0.99], [0.94, 0.93, 0.92]];1H NMR Spectrum (1D, 500 MHz, D2O, predicted)
Gentianose;OC[C@H]1O[C@@](CO)(O[C@H]2O[C@H](CO[C@@H]3O[C@H](CO)[C@@H](O)[C@H](O)[C@H]3O)[C@@H](O)[C@H](O)[C@H]2O)[C@@H](O)[C@@H]1O;InChI=1S/C18H32O16/c19-1-5-8(22)11(25)13(27)16(31-5)30-3-7-9(23)12(26)14(28)17(32-7)34-18(4-21)15(29)10(24)6(2-20)33-18/h5-17,19-29H,1-4H2/t5-,6-,7-,8-,9-,10-,11+,12+,13-,14-,15+,16-,17-,18+/m1/s1;25954-44-3;212 °C;884.80 °C. @  760.00 mm Hg (est);1000000 mg/L @ 25 °C (est);-2.500 (est);https://hmdb.ca/metabolites/HMDB0034072;;;;;;;;[5.18, 5.18, 4.12, 4.12, 4.05, 3.91, 3.85, 3.85, 3.85, 3.85, 3.85, 3.84, 3.84, 3.81, 3.75, 3.75, 3.49];[2, 2, 4, 4, 6, 4, 4, 2, 4, 1, 6, 2, 4, 6, 2, 4, 4];['d', 'd', 'dd', 'dd', 'td', 'dd', 'dd', 'd', 'dd', 's', 'td', 'd', 'dd', 'td', 'd', 'dd', 'dd'];[1, 1, 1, 1, 1, 1, 1, 1, 1, 2, 1, 2, 1, 1, 2, 1, 2];[[43], [39], [65], [61], [42], [63], [55], [53], [51], [44, 45], [47], [40, 41], [37], [38], [48, 49], [36], [57, 59]];[[5.19, 5.17], [5.18, 5.18], [4.13, 4.13, 4.11, 4.11], [4.13, 4.13, 4.11, 4.11], [4.06, 4.06, 4.05, 4.05, 4.04, 4.04], [3.93, 3.91, 3.91, 3.89], [3.86, 3.85, 3.85, 3.84], [3.85, 3.85], [3.85, 3.85, 3.85, 3.85], [3.85], [3.86, 3.86, 3.85, 3.85, 3.84, 3.84], [3.85, 3.83], [3.86, 3.85, 3.83, 3.82], [3.82, 3.82, 3.81, 3.81, 3.8, 3.8], [3.76, 3.74], [3.77, 3.76, 3.74, 3.73], [3.49, 3.49, 3.49, 3.49]];1H NMR Spectrum (1D, 500 MHz, D2O, predicted)
Urocanic acid;OC(=O)\C=C\C1=CNC=N1;InChI=1S/C6H6N2O2/c9-6(10)2-1-5-3-7-4-8-5/h1-4H,(H,7,8)(H,9,10)/b2-1+;3465-72-3;225 °C;Not Available;1.5 mg/mL at 17 °C;Not Available;https://hmdb.ca/metabolites/HMDB0034174;[7.85, 7.37, 7.28, 6.37];[1, 1, 2, 2];['s', 's', 'd', 'd'];[1, 1, 1, 1];[[16], [14], [13], [12]];[[7.85], [7.37], [7.26, 7.29], [6.35, 6.38]];1H NMR Spectrum (1D, 500 MHz, H2O, experimental);[7.82, 7.29, 7.01, 6.46];[1, 2, 1, 2];['s', 'd', 's', 'd'];[1, 1, 1, 1];[[16], [13], [14], [12]];[[7.82], [7.27, 7.31], [7.01], [6.44, 6.48]];1H NMR Spectrum (1D, 500 MHz, D2O, predicted)
(R)-Carvone;CC(=C)[C@@H]1CC=C(C)C(=O)C1;InChI=1S/C10H14O/c1-7(2)9-5-4-8(3)10(11)6-9/h4,9H,1,5-6H2,2-3H3/t9-/m1/s1;6485-40-1;< 15 °C;227.00 to  230.00 °C. @  760.00 mm Hg;1.31 mg/mL at 25 °C;2.71;https://hmdb.ca/metabolites/HMDB0035089;;;;;;;;;;;;;;
alpha-Terpineol;CC1=CC[C@@H](CC1)C(C)(C)O;InChI=1S/C10H18O/c1-8-4-6-9(7-5-8)10(2,3)11/h4,9,11H,5-7H2,1-3H3/t9-/m0/s1;7785-53-7;37.5 °C;217.50 °C. @  760.00 mm Hg (est);0.71 mg/mL at 25 °C;2.98;https://hmdb.ca/metabolites/HMDB0036086;[1.97, 1.7, 1.48, 1.22, 1.13];[15, 12, 7, 8, 2];['m', 'm', 'm', 's', 'd'];[5, 5, 1, 2, 6];[[15, 16, 17, 26, 27], [12, 13, 14, 26, 27], [15], [16, 17], [19, 20, 21, 22, 23, 24]];[[2.05, 2.04, 2.03, 2.02, 2.01, 2.0, 1.99, 1.98, 1.95, 1.94, 1.92, 1.91, 1.9, 1.89, 1.88], [1.8, 1.79, 1.78, 1.77, 1.75, 1.71, 1.68, 1.65, 1.62, 1.61, 1.6, 1.59], [1.51, 1.5, 1.49, 1.48, 1.47, 1.46, 1.45], [1.26, 1.25, 1.24, 1.23, 1.22, 1.21, 1.2, 1.19], [1.14, 1.12]];1H NMR Spectrum (1D, 600 MHz, CD3OD, experimental);;;;;;;
4-Hydroxyproline;O[C@H]1CN[C@@H](C1)C(O)=O;InChI=1S/C5H9NO3/c7-3-1-4(5(8)9)6-2-3/h3-4,6-7H,1-2H2,(H,8,9)/t3-,4+/m1/s1;51-35-4;274 - 275 °C;Not Available;361 mg/mL at 25 °C;-3.17;https://hmdb.ca/metabolites/HMDB0036576;[4.67, 4.33, 3.46, 3.36, 2.42, 2.14];[12, 4, 8, 16, 16, 15];['m', 'dd', 'ddd', 'm', 'm', 'm'];[1, 1, 1, 1, 1, 1];[[14], [11], [17], [16], [13], [12]];[[4.66, 4.66, 4.66, 4.67, 4.67, 4.67, 4.67, 4.67, 4.67, 4.68, 4.68, 4.68], [4.31, 4.33, 4.33, 4.35], [3.44, 3.44, 3.45, 3.45, 3.47, 3.47, 3.48, 3.48], [3.34, 3.34, 3.34, 3.35, 3.35, 3.35, 3.35, 3.35, 3.37, 3.37, 3.37, 3.37, 3.37, 3.38, 3.38, 3.38], [2.39, 2.39, 2.4, 2.41, 2.41, 2.41, 2.42, 2.42, 2.42, 2.42, 2.43, 2.43, 2.43, 2.44, 2.45, 2.45], [2.11, 2.11, 2.12, 2.12, 2.13, 2.13, 2.14, 2.14, 2.14, 2.15, 2.15, 2.16, 2.16, 2.17, 2.17]];1H NMR Spectrum (1D, 500 MHz, H2O, experimental);;;;;;;
4-Hydroxyproline;O[C@H]1CN[C@@H](C1)C(O)=O;InChI=1S/C5H9NO3/c7-3-1-4(5(8)9)6-2-3/h3-4,6-7H,1-2H2,(H,8,9)/t3-,4+/m1/s1;51-35-4;274 - 275 °C;Not Available;361 mg/mL at 25 °C;-3.17;https://hmdb.ca/metabolites/HMDB0036576;[4.67, 4.33, 3.46, 3.36, 2.42, 2.14];[12, 4, 8, 16, 16, 15];['m', 'dd', 'ddd', 'm', 'm', 'm'];[1, 1, 1, 1, 1, 1];[[14], [11], [17], [16], [13], [12]];[[4.66, 4.66, 4.66, 4.67, 4.67, 4.67, 4.67, 4.67, 4.67, 4.68, 4.68, 4.68], [4.31, 4.33, 4.33, 4.35], [3.44, 3.44, 3.45, 3.45, 3.47, 3.47, 3.48, 3.48], [3.34, 3.34, 3.34, 3.35, 3.35, 3.35, 3.35, 3.35, 3.37, 3.37, 3.37, 3.37, 3.37, 3.38, 3.38, 3.38], [2.39, 2.39, 2.4, 2.41, 2.41, 2.41, 2.42, 2.42, 2.42, 2.42, 2.43, 2.43, 2.43, 2.44, 2.45, 2.45], [2.11, 2.11, 2.12, 2.12, 2.13, 2.13, 2.14, 2.14, 2.14, 2.15, 2.15, 2.16, 2.16, 2.17, 2.17]];1H NMR Spectrum (1D, 500 MHz, H2O, experimental);;;;;;;
Norepinephrine;NC[C@H](O)C1=CC(O)=C(O)C=C1;InChI=1S/C8H11NO3/c9-4-8(12)5-1-2-6(10)7(11)3-5/h1-3,8,10-12H,4,9H2/t8-/m0/s1;51-41-2;145.2 - 146.4 °C;Not Available;849 mg/mL;-1.24;https://hmdb.ca/metabolites/HMDB0037685;[6.94, 6.85, 3.25, 3.19];[3, 2, 4, 4];['m', 'm', 'm', 'm'];[2, 1, 2, 2];[[19, 20], [23], [15, 16], [15, 16]];[[6.93, 6.94, 6.95], [6.84, 6.86], [3.23, 3.24, 3.25, 3.26], [3.17, 3.18, 3.19, 3.21]];1H NMR Spectrum (1D, 500 MHz, H2O, experimental);[7.06, 6.95, 6.92, 5.03, 4.31, 3.78];[4, 4, 4, 3, 4, 4];['dd', 'dd', 'dd', 't', 'dd', 'dd'];[1, 1, 1, 1, 1, 1];[[19], [20], [23], [17], [16], [15]];[[7.05, 7.05, 7.07, 7.07], [6.94, 6.94, 6.96, 6.96], [6.92, 6.92, 6.92, 6.92], [5.02, 5.03, 5.04], [4.29, 4.3, 4.32, 4.33], [3.76, 3.77, 3.79, 3.8]];1H NMR Spectrum (1D, 500 MHz, D2O, predicted)
Norepinephrine;NC[C@H](O)C1=CC(O)=C(O)C=C1;InChI=1S/C8H11NO3/c9-4-8(12)5-1-2-6(10)7(11)3-5/h1-3,8,10-12H,4,9H2/t8-/m0/s1;51-41-2;145.2 - 146.4 °C;Not Available;849 mg/mL;-1.24;https://hmdb.ca/metabolites/HMDB0037685;[6.94, 6.85, 3.25, 3.19];[3, 2, 4, 4];['m', 'm', 'm', 'm'];[2, 1, 2, 2];[[19, 20], [23], [15, 16], [15, 16]];[[6.93, 6.94, 6.95], [6.84, 6.86], [3.23, 3.24, 3.25, 3.26], [3.17, 3.18, 3.19, 3.21]];1H NMR Spectrum (1D, 500 MHz, H2O, experimental);[7.06, 6.95, 6.92, 5.03, 4.31, 3.78];[4, 4, 4, 3, 4, 4];['dd', 'dd', 'dd', 't', 'dd', 'dd'];[1, 1, 1, 1, 1, 1];[[19], [20], [23], [17], [16], [15]];[[7.05, 7.05, 7.07, 7.07], [6.94, 6.94, 6.96, 6.96], [6.92, 6.92, 6.92, 6.92], [5.02, 5.03, 5.04], [4.29, 4.3, 4.32, 4.33], [3.76, 3.77, 3.79, 3.8]];1H NMR Spectrum (1D, 500 MHz, D2O, predicted)
(+)-Epicatechin;O[C@H]1CC2=C(O)C=C(O)C=C2O[C@H]1C1=CC(O)=C(O)C=C1;InChI=1S/C15H14O6/c16-8-4-11(18)9-6-13(20)15(21-14(9)5-8)7-1-2-10(17)12(19)3-7/h1-5,13,15-20H,6H2/t13-,15-/m0/s1;35323-91-2;235 - 237 °C;630.40 °C. @  760.00 mm Hg (est);63110 mg/L @ 25 °C (est);0.490 (est);https://hmdb.ca/metabolites/HMDB0037954;;;;;;;;;;;;;;
Lactitol;[H][C@@](O[C@@H]1O[C@H](CO)[C@H](O)[C@H](O)[C@H]1O)([C@H](O)CO)[C@H](O)[C@@H](O)CO;InChI=1S/C12H24O11/c13-1-4(16)7(18)11(5(17)2-14)23-12-10(21)9(20)8(19)6(3-15)22-12/h4-21H,1-3H2/t4-,5+,6+,7+,8-,9-,10+,11+,12-/m0/s1;585-86-4;95 - 98 °C;788.53 °C. @  760.00 mm Hg (est);667 mg/mL at 25 °C;-4.679 (est);https://hmdb.ca/metabolites/HMDB0040937;;;;;;;;[5.18, 4.25, 3.84, 3.84, 3.84, 3.84, 3.78, 3.75, 3.75, 3.75, 3.56, 3.49];[2, 4, 4, 6, 4, 2, 4, 4, 4, 6, 6, 10];['d', 'dd', 'dd', 'td', 'dd', 'd', 'dd', 'dd', 'dd', 'td', 'dt', 'dd'];[1, 1, 1, 1, 1, 2, 1, 1, 1, 1, 1, 3];[[32], [31], [46], [43], [35], [25, 26], [45], [34], [29], [27], [33], [37, 39, 41]];[[5.18, 5.18], [4.26, 4.25, 4.25, 4.24], [3.86, 3.85, 3.83, 3.82], [3.86, 3.85, 3.84, 3.84, 3.83, 3.82], [3.86, 3.85, 3.83, 3.82], [3.85, 3.83], [3.8, 3.79, 3.77, 3.76], [3.77, 3.76, 3.74, 3.73], [3.76, 3.75, 3.75, 3.74], [3.77, 3.76, 3.75, 3.75, 3.74, 3.73], [3.58, 3.57, 3.56, 3.56, 3.55, 3.54], [3.5, 3.48, 3.49, 3.49, 3.49, 3.49, 3.5, 3.5, 3.48, 3.48]];1H NMR Spectrum (1D, 500 MHz, D2O, predicted)
Mevalonic acid;C[C@@](O)(CCO)CC(O)=O;InChI=1S/C6H12O4/c1-6(10,2-3-7)4-5(8)9/h7,10H,2-4H2,1H3,(H,8,9)/t6-/m1/s1;17817-88-8;24 - 27 °C;Not Available;Not Available;Not Available;https://hmdb.ca/metabolites/HMDB0059629;[4.5, 2.66, 2.05, 1.93, 1.36];[16, 6, 7, 12, 1];['m', 'm', 'm', 'm', 's'];[2, 2, 2, 2, 3];[[17, 18], [20, 21], [15, 16], [15, 16], [11, 12, 13]];[[4.57, 4.56, 4.55, 4.55, 4.55, 4.54, 4.54, 4.53, 4.47, 4.46, 4.46, 4.45, 4.45, 4.44, 4.44, 4.43], [2.73, 2.7, 2.64, 2.64, 2.62, 2.61], [2.07, 2.06, 2.06, 2.05, 2.04, 2.03, 2.02], [1.95, 1.95, 1.95, 1.94, 1.94, 1.93, 1.93, 1.93, 1.92, 1.92, 1.91, 1.91], [1.36]];1H NMR Spectrum (1D, 600 MHz, H2O, experimental);;;;;;;
3-Hydroxymethylglutaric acid;CC(O)(CC(O)=O)CC(O)=O;InChI=1S/C6H10O5/c1-6(11,2-4(7)8)3-5(9)10/h11H,2-3H2,1H3,(H,7,8)(H,9,10);503-49-1;105 °C;Not Available;Not Available;Not Available;https://hmdb.ca/metabolites/HMDB0059737;[2.43, 1.31];[4, 1];['q', 's'];[4, 3];[[16, 17, 19, 20], [12, 13, 14]];[[2.47, 2.44, 2.42, 2.39], [1.31]];1H NMR Spectrum (1D, 500 MHz, H2O, experimental);;;;;;;
p-Toluenesulfonic acid;CC1=CC=C(C=C1)S(O)(=O)=O;InChI=1S/C7H8O3S/c1-6-2-4-7(5-3-6)11(8,9)10/h2-5H,1H3,(H,8,9,10);104-15-4;104.50 °C. @  760.00 mm Hg;Not Available;202300 mg/L @ 25 °C (est);0.930 (est);https://hmdb.ca/metabolites/HMDB0059933;;;;;;;;;;;;;;
Uridine diphosphate glucose;OC[C@H]1O[C@H](OP(O)(=O)OP(O)(=O)OC[C@H]2O[C@H]([C@H](O)[C@@H]2O)N2C=CC(=O)NC2=O)[C@H](O)[C@@H](O)[C@@H]1O;InChI=1S/C15H24N2O17P2/c18-3-5-8(20)10(22)12(24)14(32-5)33-36(28,29)34-35(26,27)30-4-6-9(21)11(23)13(31-6)17-2-1-7(19)16-15(17)25/h1-2,5-6,8-14,18,20-24H,3-4H2,(H,26,27)(H,28,29)(H,16,19,25)/t5-,6-,8-,9-,10+,11-,12-,13-,14-/m1/s1;133-89-1;Not Available;Not Available;Not Available;Not Available;https://hmdb.ca/metabolites/HMDB0060079;;;;;;;;[8.11, 6.71, 5.96, 5.63, 4.37, 4.25, 4.2, 4.12, 3.72, 3.49, 3.49, 3.49];[2, 2, 2, 4, 8, 18, 18, 11, 2, 18, 12, 9];['d', 'd', 'd', 'dd', 'dd', 'ddd', 'ddd', 'dd', 'd', 'dd', 'dt', 'dt'];[1, 1, 1, 1, 1, 1, 1, 2, 2, 2, 1, 1];[[38], [37], [39], [45], [58], [41], [42], [50, 52], [47, 48], [54, 56], [40], [46]];[[8.11, 8.11], [6.71, 6.71], [5.95, 5.97], [5.62, 5.63, 5.63, 5.64], [4.34, 4.36, 4.36, 4.37, 4.37, 4.38, 4.38, 4.4], [4.21, 4.23, 4.23, 4.24, 4.24, 4.24, 4.25, 4.25, 4.25, 4.25, 4.26, 4.26, 4.26, 4.27, 4.27, 4.27, 4.28, 4.29], [4.16, 4.17, 4.18, 4.18, 4.18, 4.19, 4.19, 4.19, 4.2, 4.2, 4.2, 4.2, 4.21, 4.21, 4.21, 4.22, 4.22, 4.24], [4.11, 4.12, 4.12, 4.12, 4.12, 4.13, 4.11, 4.11, 4.12, 4.13, 4.13], [3.71, 3.73], [3.47, 3.47, 3.48, 3.49, 3.49, 3.49, 3.49, 3.5, 3.51, 3.51, 3.48, 3.48, 3.49, 3.49, 3.49, 3.49, 3.5, 3.5], [3.46, 3.47, 3.47, 3.48, 3.48, 3.49, 3.49, 3.5, 3.5, 3.5, 3.51, 3.52], [3.47, 3.47, 3.48, 3.48, 3.49, 3.5, 3.5, 3.51, 3.51]];1H NMR Spectrum (1D, 500 MHz, D2O, predicted)
Uridine diphosphate glucose;OC[C@H]1O[C@H](OP(O)(=O)OP(O)(=O)OC[C@H]2O[C@H]([C@H](O)[C@@H]2O)N2C=CC(=O)NC2=O)[C@H](O)[C@@H](O)[C@@H]1O;InChI=1S/C15H24N2O17P2/c18-3-5-8(20)10(22)12(24)14(32-5)33-36(28,29)34-35(26,27)30-4-6-9(21)11(23)13(31-6)17-2-1-7(19)16-15(17)25/h1-2,5-6,8-14,18,20-24H,3-4H2,(H,26,27)(H,28,29)(H,16,19,25)/t5-,6-,8-,9-,10+,11-,12-,13-,14-/m1/s1;133-89-1;Not Available;Not Available;Not Available;Not Available;https://hmdb.ca/metabolites/HMDB0060079;;;;;;;;[8.11, 6.71, 5.96, 5.63, 4.37, 4.25, 4.2, 4.12, 3.72, 3.49, 3.49, 3.49];[2, 2, 2, 4, 8, 18, 18, 11, 2, 18, 12, 9];['d', 'd', 'd', 'dd', 'dd', 'ddd', 'ddd', 'dd', 'd', 'dd', 'dt', 'dt'];[1, 1, 1, 1, 1, 1, 1, 2, 2, 2, 1, 1];[[38], [37], [39], [45], [58], [41], [42], [50, 52], [47, 48], [54, 56], [40], [46]];[[8.11, 8.11], [6.71, 6.71], [5.95, 5.97], [5.62, 5.63, 5.63, 5.64], [4.34, 4.36, 4.36, 4.37, 4.37, 4.38, 4.38, 4.4], [4.21, 4.23, 4.23, 4.24, 4.24, 4.24, 4.25, 4.25, 4.25, 4.25, 4.26, 4.26, 4.26, 4.27, 4.27, 4.27, 4.28, 4.29], [4.16, 4.17, 4.18, 4.18, 4.18, 4.19, 4.19, 4.19, 4.2, 4.2, 4.2, 4.2, 4.21, 4.21, 4.21, 4.22, 4.22, 4.24], [4.11, 4.12, 4.12, 4.12, 4.12, 4.13, 4.11, 4.11, 4.12, 4.13, 4.13], [3.71, 3.73], [3.47, 3.47, 3.48, 3.49, 3.49, 3.49, 3.49, 3.5, 3.51, 3.51, 3.48, 3.48, 3.49, 3.49, 3.49, 3.49, 3.5, 3.5], [3.46, 3.47, 3.47, 3.48, 3.48, 3.49, 3.49, 3.5, 3.5, 3.5, 3.51, 3.52], [3.47, 3.47, 3.48, 3.48, 3.49, 3.5, 3.5, 3.51, 3.51]];1H NMR Spectrum (1D, 500 MHz, D2O, predicted)
D-Xylose;O[C@@H]1COC(O)[C@H](O)[C@H]1O;InChI=1S/C5H10O5/c6-2-1-10-5(9)4(8)3(2)7/h2-9H,1H2/t2-,3+,4-,5?/m1/s1;58-86-6;90.5 °C;Not Available;555 mg/mL;Not Available;https://hmdb.ca/metabolites/HMDB0060254;;;;;;;;[4.63, 4.0, 3.87, 3.68, 3.68, 3.52];[2, 8, 4, 4, 4, 4];['d', 'ddd', 'dd', 'dd', 'dd', 'dd'];[1, 1, 1, 1, 1, 1];[[12], [15], [13], [17], [14], [19]];[[4.62, 4.64], [3.99, 4.0, 4.0, 4.0, 4.0, 4.0, 4.0, 4.01], [3.86, 3.86, 3.88, 3.88], [3.68, 3.68, 3.68, 3.69], [3.67, 3.67, 3.69, 3.69], [3.51, 3.52, 3.52, 3.53]];1H NMR Spectrum (1D, 500 MHz, D2O, predicted)
D-Xylose;O[C@@H]1COC(O)[C@H](O)[C@H]1O;InChI=1S/C5H10O5/c6-2-1-10-5(9)4(8)3(2)7/h2-9H,1H2/t2-,3+,4-,5?/m1/s1;58-86-6;90.5 °C;Not Available;555 mg/mL;Not Available;https://hmdb.ca/metabolites/HMDB0060254;;;;;;;;[4.63, 4.0, 3.87, 3.68, 3.68, 3.52];[2, 8, 4, 4, 4, 4];['d', 'ddd', 'dd', 'dd', 'dd', 'dd'];[1, 1, 1, 1, 1, 1];[[12], [15], [13], [17], [14], [19]];[[4.62, 4.64], [3.99, 4.0, 4.0, 4.0, 4.0, 4.0, 4.0, 4.01], [3.86, 3.86, 3.88, 3.88], [3.68, 3.68, 3.68, 3.69], [3.67, 3.67, 3.69, 3.69], [3.51, 3.52, 3.52, 3.53]];1H NMR Spectrum (1D, 500 MHz, D2O, predicted)
Pyroglutamic acid;OC(=O)[C@@H]1CCC(=O)N1;InChI=1S/C5H7NO3/c7-4-2-1-3(6-4)5(8)9/h3H,1-2H2,(H,6,7)(H,8,9)/t3-/m0/s1;98-79-3;Not Available;Not Available;476 mg/mL at 13 °C;Not Available;https://hmdb.ca/metabolites/HMDB0060262;[4.17, 2.5, 2.39, 2.02];[4, 12, 8, 13];['dd', 'm', 'm', 'm'];[1, 2, 2, 2];[[14], [12, 13], [10, 11], [12, 13]];[[4.19, 4.18, 4.17, 4.16], [2.53, 2.52, 2.52, 2.51, 2.5, 2.5, 2.5, 2.49, 2.49, 2.48, 2.48, 2.47], [2.44, 2.42, 2.41, 2.4, 2.39, 2.38, 2.36, 2.35], [2.05, 2.04, 2.04, 2.04, 2.03, 2.03, 2.02, 2.02, 2.02, 2.02, 2.01, 2.0, 1.99]];1H NMR Spectrum (1D, 600 MHz, H2O, experimental);[4.18, 2.5, 2.41, 2.38, 2.02];[5, 18, 8, 8, 33];['dd', 'm', 'ddd', 'ddd', 'dtd'];[1, 1, 1, 1, 1];[[14], [13], [11], [10], [12]];[[4.15, 4.16, 4.18, 4.19, 4.23], [2.45, 2.45, 2.47, 2.48, 2.49, 2.49, 2.5, 2.5, 2.51, 2.51, 2.51, 2.51, 2.52, 2.52, 2.52, 2.53, 2.55, 2.56], [2.37, 2.39, 2.39, 2.4, 2.41, 2.42, 2.43, 2.44], [2.34, 2.35, 2.36, 2.38, 2.39, 2.4, 2.41, 2.45], [1.87, 1.89, 1.9, 1.91, 1.92, 1.93, 1.94, 1.95, 1.96, 1.98, 1.98, 1.99, 2.0, 2.01, 2.02, 2.02, 2.02, 2.02, 2.03, 2.04, 2.04, 2.05, 2.06, 2.06, 2.06, 2.08, 2.09, 2.1, 2.12, 2.13, 2.15, 2.16, 2.19]];1H NMR Spectrum (1D, 500 MHz, D2O, predicted)
Histamine;NCCC1=CNC=N1;InChI=1S/C5H9N3/c6-2-1-5-3-7-4-8-5/h3-4H,1-2,6H2,(H,7,8);51-45-6;86 °C;380.29 °C. @  760.00 mm Hg (est);1000000 mg/L @ 25 °C (est);-0.70;https://hmdb.ca/metabolites/HMDB0060263;[7.99, 7.14, 3.29, 3.03];[1, 1, 3, 2];['s', 's', 't', 'm'];[1, 1, 2, 2];[[17], [15], [11, 12], [13, 14]];[[7.99], [7.14], [3.3, 3.29, 3.28], [3.04, 3.02]];1H NMR Spectrum (1D, 500 MHz, H2O, experimental);[7.82, 7.82, 3.27, 3.03, 2.92];[1, 1, 10, 9, 8];['s', 's', 'dt', 't', 'dt'];[1, 1, 1, 2, 1];[[15], [17], [11], [13, 14], [12]];[[7.82], [7.82], [3.18, 3.2, 3.25, 3.26, 3.27, 3.28, 3.28, 3.3, 3.31, 3.37], [3.0, 3.01, 3.02, 3.0, 3.01, 3.01, 3.02, 3.07, 3.13], [2.89, 2.9, 2.9, 2.92, 2.92, 2.93, 2.94, 2.95]];1H NMR Spectrum (1D, 500 MHz, D2O, predicted)
Histamine;NCCC1=CNC=N1;InChI=1S/C5H9N3/c6-2-1-5-3-7-4-8-5/h3-4H,1-2,6H2,(H,7,8);51-45-6;86 °C;380.29 °C. @  760.00 mm Hg (est);1000000 mg/L @ 25 °C (est);-0.70;https://hmdb.ca/metabolites/HMDB0060263;[7.99, 7.14, 3.29, 3.03];[1, 1, 3, 2];['s', 's', 't', 'm'];[1, 1, 2, 2];[[17], [15], [11, 12], [13, 14]];[[7.99], [7.14], [3.3, 3.29, 3.28], [3.04, 3.02]];1H NMR Spectrum (1D, 500 MHz, H2O, experimental);[7.82, 7.82, 3.27, 3.03, 2.92];[1, 1, 10, 9, 8];['s', 's', 'dt', 't', 'dt'];[1, 1, 1, 2, 1];[[15], [17], [11], [13, 14], [12]];[[7.82], [7.82], [3.18, 3.2, 3.25, 3.26, 3.27, 3.28, 3.28, 3.3, 3.31, 3.37], [3.0, 3.01, 3.02, 3.0, 3.01, 3.01, 3.02, 3.07, 3.13], [2.89, 2.9, 2.9, 2.92, 2.92, 2.93, 2.94, 2.95]];1H NMR Spectrum (1D, 500 MHz, D2O, predicted)
N-Acetylputrescine;CC(=O)NCCCCN;InChI=1S/C6H14N2O/c1-6(9)8-5-3-2-4-7/h2-5,7H2,1H3,(H,8,9);18233-70-0;Not Available;Not Available;Not Available;Not Available;https://hmdb.ca/metabolites/HMDB0060268;[3.2, 3.0, 1.98, 1.67, 1.57];[3, 3, 1, 5, 5];['t', 't', 's', 'm', 'm'];[2, 2, 3, 2, 2];[[14, 15], [20, 21], [10, 11, 12], [16, 17], [18, 19]];[[3.21, 3.2, 3.19], [3.02, 3.0, 2.99], [1.98], [1.7, 1.69, 1.67, 1.66, 1.64], [1.6, 1.59, 1.57, 1.56, 1.54]];1H NMR Spectrum (1D, 500 MHz, H2O, experimental);;;;;;;
Methylamine;CN;InChI=1S/CH5N/c1-2/h2H2,1H3;74-89-5;-93.4 °C;Not Available;1080 mg/mL at 25 °C;-0.57;https://hmdb.ca/metabolites/HMDB0060291;[2.59];[1];['s'];[3];[[3, 4, 5]];[[2.59]];1H NMR Spectrum (1D, 500 MHz, H2O, experimental);[2.59];[1];['s'];[2];[[3, 4]];[[2.59]];1H NMR Spectrum (1D, 500 MHz, D2O, predicted)
Methylamine;CN;InChI=1S/CH5N/c1-2/h2H2,1H3;74-89-5;-93.4 °C;Not Available;1080 mg/mL at 25 °C;-0.57;https://hmdb.ca/metabolites/HMDB0060291;[2.59];[1];['s'];[3];[[3, 4, 5]];[[2.59]];1H NMR Spectrum (1D, 500 MHz, H2O, experimental);[2.59];[1];['s'];[2];[[3, 4]];[[2.59]];1H NMR Spectrum (1D, 500 MHz, D2O, predicted)
N,N,O-Tridesmethylvenlafaxine;NCC(C1=CC=C(O)C=C1)C1(O)CCCCC1;InChI=1S/C14H21NO2/c15-10-13(11-4-6-12(16)7-5-11)14(17)8-2-1-3-9-14/h4-7,13,16-17H,1-3,8-10,15H2;149289-29-2;Not Available;Not Available;Not Available;Not Available;https://hmdb.ca/metabolites/HMDB0061166;;;;;;;;;;;;;;
Glutaconic acid;OC(=O)C\C=C\C(O)=O;InChI=1S/C5H6O4/c6-4(7)2-1-3-5(8)9/h1-2H,3H2,(H,6,7)(H,8,9)/b2-1+;1724-02-3;133 - 135 °C;Not Available;Not Available;Not Available;https://hmdb.ca/metabolites/HMDB0061185;[6.65, 5.86, 3.07];[6, 6, 4];['dt', 'dt', 'dd'];[1, 1, 2];[[12], [11], [13, 14]];[[6.68, 6.67, 6.65, 6.65, 6.63, 6.62], [5.88, 5.87, 5.87, 5.84, 5.84, 5.84], [3.08, 3.08, 3.07, 3.06]];1H NMR Spectrum (1D, 500 MHz, H2O, experimental);[6.65, 6.32, 3.52, 3.44];[6, 8, 8, 8];['dt', 'ddd', 'ddd', 'ddd'];[1, 1, 1, 1];[[12], [11], [14], [13]];[[6.68, 6.67, 6.65, 6.65, 6.63, 6.62], [6.34, 6.34, 6.33, 6.33, 6.31, 6.31, 6.3, 6.3], [3.55, 3.54, 3.53, 3.53, 3.51, 3.51, 3.5, 3.49], [3.46, 3.46, 3.45, 3.45, 3.43, 3.43, 3.42, 3.42]];1H NMR Spectrum (1D, 500 MHz, D2O, predicted)
(S)-Carvone;CC(=C)[C@H]1CC=C(C)C(=O)C1;InChI=1S/C10H14O/c1-7(2)9-5-4-8(3)10(11)6-9/h4,9H,1,5-6H2,2-3H3/t9-/m0/s1;2244-16-8;< 15 °C;231.00 °C. @  760.00 mm Hg;1300 mg/L at 18 °C;1.267;https://hmdb.ca/metabolites/HMDB0061788;[2.78, 2.54, 2.38, 1.75, 1.73];[6, 10, 7, 1, 1];['m', 'm', 'm', 's', 'm'];[1, 4, 2, 3, 3];[[17], [18, 19, 24, 25], [18, 19], [14, 15, 16], [21, 22, 23]];[[2.81, 2.8, 2.79, 2.78, 2.77, 2.76], [2.59, 2.58, 2.57, 2.56, 2.55, 2.54, 2.53, 2.52, 2.51, 2.5], [2.41, 2.4, 2.39, 2.38, 2.37, 2.36, 2.35], [1.75], [1.73]];1H NMR Spectrum (1D, 600 MHz, H2O, experimental);;;;;;;
Caproic acid;CCCCCC(O)=O;InChI=1S/C6H12O2/c1-2-3-4-5-6(7)8/h2-5H2,1H3,(H,7,8);142-62-1;-4.00 to   -3.00 °C. @  760.00 mm Hg;202.00 to  203.00 °C. @  760.00 mm Hg;10.3 mg/mL;1.92;https://hmdb.ca/metabolites/HMDB0061883;[2.52, 1.54, 1.27, 0.86];[1, 1, 1, 1];['t', 'm', 'm', 't'];[2, 2, 4, 3];[[15, 16], [11, 12], [9, 10, 13, 14], [17, 18, 19]];[[2.52], [1.54], [1.27], [0.86]];1H NMR Spectrum (1D, 500 MHz, H2O, experimental);[2.39, 2.16, 1.52, 1.52, 1.3, 1.28, 1.27, 0.89];[7, 6, 12, 13, 46, 52, 43, 64];['dt', 'dt', 'tt', 'tt', 'm', 'tt', 'm', 't'];[1, 1, 1, 1, 1, 2, 1, 3];[[19], [18], [17], [16], [12], [14, 15], [13], [9, 10, 11]];[[2.18, 2.39, 2.41, 2.42, 2.42, 2.44, 2.45], [2.13, 2.14, 2.16, 2.16, 2.17, 2.19], [1.48, 1.49, 1.49, 1.5, 1.5, 1.51, 1.52, 1.53, 1.53, 1.54, 1.55, 1.57], [1.49, 1.49, 1.5, 1.5, 1.5, 1.51, 1.51, 1.52, 1.53, 1.53, 1.54, 1.55, 1.57], [1.22, 1.23, 1.24, 1.24, 1.25, 1.25, 1.26, 1.26, 1.27, 1.27, 1.27, 1.27, 1.28, 1.28, 1.28, 1.28, 1.29, 1.29, 1.29, 1.3, 1.3, 1.3, 1.3, 1.31, 1.31, 1.31, 1.31, 1.31, 1.32, 1.32, 1.32, 1.33, 1.33, 1.33, 1.33, 1.33, 1.33, 1.34, 1.34, 1.35, 1.35, 1.35, 1.35, 1.36, 1.37, 1.38], [1.22, 1.25, 1.25, 1.26, 1.26, 1.27, 1.27, 1.28, 1.29, 1.29, 1.3, 1.3, 1.3, 1.31, 1.31, 1.32, 1.33, 1.33, 1.22, 1.22, 1.23, 1.24, 1.25, 1.25, 1.25, 1.25, 1.26, 1.26, 1.27, 1.27, 1.27, 1.27, 1.27, 1.28, 1.28, 1.28, 1.29, 1.29, 1.29, 1.29, 1.3, 1.3, 1.3, 1.3, 1.31, 1.31, 1.31, 1.31, 1.32, 1.32, 1.33, 1.34], [1.22, 1.22, 1.22, 1.23, 1.23, 1.23, 1.24, 1.24, 1.24, 1.25, 1.25, 1.25, 1.25, 1.25, 1.26, 1.26, 1.26, 1.26, 1.27, 1.27, 1.27, 1.27, 1.27, 1.27, 1.28, 1.28, 1.28, 1.28, 1.29, 1.29, 1.29, 1.3, 1.3, 1.3, 1.31, 1.31, 1.31, 1.32, 1.32, 1.33, 1.33, 1.34, 1.35], [0.83, 0.84, 0.85, 0.85, 0.85, 0.87, 0.88, 0.88, 0.88, 0.89, 0.89, 0.9, 0.9, 0.9, 0.93, 0.93, 0.94, 0.94, 0.94, 0.96, 0.83, 0.85, 0.86, 0.88, 0.88, 0.89, 0.9, 0.9, 0.9, 0.9, 0.91, 0.91, 0.93, 0.93, 0.94, 0.94, 0.84, 0.85, 0.85, 0.85, 0.86, 0.86, 0.86, 0.87, 0.88, 0.88, 0.88, 0.88, 0.89, 0.89, 0.89, 0.89, 0.89, 0.9, 0.9, 0.9, 0.91, 0.91, 0.92, 0.92, 0.92, 0.93, 0.93, 0.94]];1H NMR Spectrum (1D, 500 MHz, D2O, predicted)
Terephthalic acid;OC(=O)C1=CC=C(C=C1)C(O)=O;InChI=1S/C8H6O4/c9-7(10)5-1-2-6(4-3-5)8(11)12/h1-4H,(H,9,10)(H,11,12);100-21-0;> 300 °C;Not Available;0.015 mg/mL at 20 °C;2.00;https://hmdb.ca/metabolites/HMDB0061917;;;;;;;;;;;;;;
D-Glucose;OC[C@H]1O[C@@H](O)[C@H](O)[C@@H](O)[C@@H]1O;InChI=1S/C6H12O6/c7-1-2-3(8)4(9)5(10)6(11)12-2/h2-11H,1H2/t2-,3-,4+,5-,6-/m1/s1;492-61-5;146 - 150 °C;Not Available;1200 mg/mL;-3.24;https://hmdb.ca/metabolites/HMDB0062170;[4.63, 3.89, 3.73, 3.47, 3.46, 3.4, 3.23];[2, 4, 4, 4, 6, 4, 4];['d', 'dd', 'dd', 'dd', 'dt', 'dd', 'dd'];[1, 1, 1, 1, 1, 1, 1];[[17], [15], [14], [21], [16], [23], [19]];[[4.63, 4.64], [3.87, 3.88, 3.9, 3.9], [3.71, 3.72, 3.73, 3.74], [3.45, 3.47, 3.47, 3.49], [3.43, 3.45, 3.45, 3.46, 3.47, 3.48], [3.38, 3.39, 3.4, 3.42], [3.22, 3.23, 3.23, 3.25]];1H NMR Spectrum (1D, 600 MHz, H2O, experimental);;;;;;;
Triiodothyronine glucuronide;N[C@@H](CC1=CC(I)=C(OC2=CC(I)=C(O[C@@H]3O[C@@H]([C@@H](O)[C@H](O)[C@H]3O)C(O)=O)C=C2)C(I)=C1)C(O)=O;InChI=1S/C21H20I3NO10/c22-9-6-8(33-17-10(23)3-7(4-11(17)24)5-12(25)19(29)30)1-2-13(9)34-21-16(28)14(26)15(27)18(35-21)20(31)32/h1-4,6,12,14-16,18,21,26-28H,5,25H2,(H,29,30)(H,31,32)/t12-,14-,15-,16+,18-,21+/m0/s1;29919-72-0;Not Available;Not Available;Not Available;Not Available;https://hmdb.ca/metabolites/HMDB0062203;;;;;;;;[7.62, 7.62, 7.29, 7.05, 6.71, 4.04, 3.85, 3.85, 3.49, 3.49, 3.08, 2.86, 2.84];[1, 1, 4, 4, 4, 3, 3, 2, 6, 5, 4, 2, 4];['s', 's', 'dd', 'dd', 'dd', 't', 'dd', 'd', 'dd', 'dd', 'dd', 'd', 'dd'];[1, 1, 1, 1, 1, 1, 1, 1, 1, 1, 1, 1, 1];[[54], [41], [53], [43], [42], [38], [49], [45], [51], [47], [40], [44], [39]];[[7.62], [7.62], [7.29, 7.29, 7.29, 7.29], [7.04, 7.04, 7.06, 7.06], [6.7, 6.71, 6.71, 6.72], [4.03, 4.04, 4.05], [3.83, 3.85, 3.87], [3.84, 3.86], [3.47, 3.48, 3.49, 3.49, 3.5, 3.51], [3.47, 3.48, 3.49, 3.5, 3.51], [3.06, 3.07, 3.09, 3.1], [2.85, 2.87], [2.82, 2.83, 2.85, 2.86]];1H NMR Spectrum (1D, 500 MHz, D2O, predicted)
Triiodothyronine glucuronide;N[C@@H](CC1=CC(I)=C(OC2=CC(I)=C(O[C@@H]3O[C@@H]([C@@H](O)[C@H](O)[C@H]3O)C(O)=O)C=C2)C(I)=C1)C(O)=O;InChI=1S/C21H20I3NO10/c22-9-6-8(33-17-10(23)3-7(4-11(17)24)5-12(25)19(29)30)1-2-13(9)34-21-16(28)14(26)15(27)18(35-21)20(31)32/h1-4,6,12,14-16,18,21,26-28H,5,25H2,(H,29,30)(H,31,32)/t12-,14-,15-,16+,18-,21+/m0/s1;29919-72-0;Not Available;Not Available;Not Available;Not Available;https://hmdb.ca/metabolites/HMDB0062203;;;;;;;;[7.62, 7.62, 7.29, 7.05, 6.71, 4.04, 3.85, 3.85, 3.49, 3.49, 3.08, 2.86, 2.84];[1, 1, 4, 4, 4, 3, 3, 2, 6, 5, 4, 2, 4];['s', 's', 'dd', 'dd', 'dd', 't', 'dd', 'd', 'dd', 'dd', 'dd', 'd', 'dd'];[1, 1, 1, 1, 1, 1, 1, 1, 1, 1, 1, 1, 1];[[54], [41], [53], [43], [42], [38], [49], [45], [51], [47], [40], [44], [39]];[[7.62], [7.62], [7.29, 7.29, 7.29, 7.29], [7.04, 7.04, 7.06, 7.06], [6.7, 6.71, 6.71, 6.72], [4.03, 4.04, 4.05], [3.83, 3.85, 3.87], [3.84, 3.86], [3.47, 3.48, 3.49, 3.49, 3.5, 3.51], [3.47, 3.48, 3.49, 3.5, 3.51], [3.06, 3.07, 3.09, 3.1], [2.85, 2.87], [2.82, 2.83, 2.85, 2.86]];1H NMR Spectrum (1D, 500 MHz, D2O, predicted)
Serine;N[C@@H](CO)C(O)=O;InChI=1S/C3H7NO3/c4-2(1-5)3(6)7/h2,5H,1,4H2,(H,6,7)/t2-/m0/s1;56-45-1;228 °C;Not Available;425 mg/mL;-3.07;https://hmdb.ca/metabolites/HMDB0062263;[3.96, 3.83];[8, 4];['m', 'dd'];[2, 1];[[11, 12], [10]];[[4.0, 3.99, 3.97, 3.96, 3.95, 3.94, 3.93, 3.92], [3.84, 3.83, 3.83, 3.82]];1H NMR Spectrum (1D, 500 MHz, H2O, experimental);[4.01, 3.94, 3.84];[5, 4, 4];['dd', 'dd', 't'];[1, 1, 1];[[11], [12], [10]];[[3.96, 3.98, 3.99, 4.0, 4.09], [3.92, 3.93, 3.94, 3.96], [3.82, 3.83, 3.84, 3.88]];1H NMR Spectrum (1D, 500 MHz, D2O, predicted)
Caprylic acid;CCCCCCCC(O)=O;InChI=1S/C8H16O2/c1-2-3-4-5-6-7-8(9)10/h2-7H2,1H3,(H,9,10);124-07-2;16.5 °C;Not Available;0.79 mg/mL;3.05;https://hmdb.ca/metabolites/HMDB0062511;[2.16, 1.53, 1.27, 0.85];[3, 5, 2, 3];['t', 'm', 'd', 'm'];[2, 2, 8, 3];[[24, 25], [22, 23], [14, 15, 16, 17, 18, 19, 20, 21], [11, 12, 13]];[[2.15, 2.16, 2.18], [1.5, 1.52, 1.53, 1.55, 1.56], [1.27, 1.28], [0.84, 0.85, 0.87]];1H NMR Spectrum (1D, 500 MHz, H2O, experimental);;;;;;;
Uridine diphosphategalactose;OC[C@H]1O[C@H](OP(O)(=O)OP(O)(=O)OC[C@H]2O[C@H]([C@H](O)[C@@H]2O)N2C=CC(=O)NC2=O)[C@H](O)[C@@H](O)[C@H]1O;InChI=1S/C15H24N2O17P2/c18-3-5-8(20)10(22)12(24)14(32-5)33-36(28,29)34-35(26,27)30-4-6-9(21)11(23)13(31-6)17-2-1-7(19)16-15(17)25/h1-2,5-6,8-14,18,20-24H,3-4H2,(H,26,27)(H,28,29)(H,16,19,25)/t5-,6-,8+,9-,10+,11-,12-,13-,14-/m1/s1;2956-16-3;Not Available;Not Available;Not Available;Not Available;https://hmdb.ca/metabolites/HMDB0062573;;;;;;;;[7.99, 5.97, 4.37, 4.25, 4.2, 4.2, 4.03, 3.85, 3.74, 3.74, 3.71, 3.49, 3.49];[2, 2, 4, 8, 4, 8, 4, 9, 6, 12, 11, 13, 39];['d', 'd', 'dd', 'ddd', 'q', 'ddd', 'dd', 'dd', 'dt', 'dd', 'dd', 'dt', 'dd'];[1, 1, 1, 1, 1, 1, 1, 1, 1, 1, 1, 1, 3];[[38], [37], [56], [42], [39], [41], [58], [45], [40], [47], [48], [46], [50, 52, 54]];[[7.99, 7.99], [5.97, 5.97], [4.35, 4.37, 4.37, 4.39], [4.23, 4.24, 4.24, 4.25, 4.25, 4.26, 4.27, 4.28], [4.14, 4.16, 4.24, 4.26], [4.17, 4.18, 4.19, 4.2, 4.2, 4.21, 4.21, 4.22], [4.01, 4.03, 4.03, 4.05], [3.84, 3.84, 3.84, 3.85, 3.85, 3.85, 3.86, 3.86, 3.86], [3.72, 3.73, 3.74, 3.74, 3.75, 3.76], [3.7, 3.71, 3.72, 3.72, 3.73, 3.73, 3.74, 3.74, 3.75, 3.75, 3.75, 3.77], [3.68, 3.7, 3.7, 3.7, 3.71, 3.71, 3.72, 3.72, 3.73, 3.73, 3.74], [3.46, 3.47, 3.48, 3.48, 3.48, 3.49, 3.49, 3.5, 3.5, 3.5, 3.51, 3.51, 3.52], [3.47, 3.48, 3.49, 3.49, 3.49, 3.49, 3.49, 3.5, 3.51, 3.47, 3.48, 3.48, 3.48, 3.48, 3.48, 3.49, 3.5, 3.5, 3.5, 3.5, 3.5, 3.51, 3.47, 3.47, 3.47, 3.48, 3.48, 3.48, 3.48, 3.49, 3.49, 3.49, 3.5, 3.5, 3.5, 3.5, 3.51, 3.51, 3.51]];1H NMR Spectrum (1D, 500 MHz, D2O, predicted)
Hippuric acid;OC(=O)CNC(=O)C1=CC=CC=C1;InChI=1S/C9H9NO3/c11-8(12)6-10-9(13)7-4-2-1-3-5-7/h1-5H,6H2,(H,10,13)(H,11,12);495-69-2;187 - 191 °C;Not Available;3.75 mg/mL;0.31;https://hmdb.ca/metabolites/HMDB0062583;[7.83, 7.63, 7.54, 3.96];[1, 4, 3, 2];['dd', 'tt', 'm', 'd'];[2, 1, 2, 2];[[18, 22], [20], [19, 21], [15, 16]];[[7.83], [7.64, 7.63, 7.62, 7.61], [7.55, 7.54, 7.53], [3.96, 3.95]];1H NMR Spectrum (1D, 600 MHz, H2O, experimental);;;;;;;
Hippuric acid;OC(=O)CNC(=O)C1=CC=CC=C1;InChI=1S/C9H9NO3/c11-8(12)6-10-9(13)7-4-2-1-3-5-7/h1-5H,6H2,(H,10,13)(H,11,12);495-69-2;187 - 191 °C;Not Available;3.75 mg/mL;0.31;https://hmdb.ca/metabolites/HMDB0062583;[7.83, 7.63, 7.54, 3.96];[1, 4, 3, 2];['dd', 'tt', 'm', 'd'];[2, 1, 2, 2];[[18, 22], [20], [19, 21], [15, 16]];[[7.83], [7.64, 7.63, 7.62, 7.61], [7.55, 7.54, 7.53], [3.96, 3.95]];1H NMR Spectrum (1D, 600 MHz, H2O, experimental);;;;;;;
4-Nitrophenol;OC1=CC=C(C=C1)[N+]([O-])=O;InChI=1S/C6H5NO3/c8-6-3-1-5(2-4-6)7(9)10/h1-4,8H;100-02-7;113.8 °C;Not Available;11.6 mg/mL;1.91;https://hmdb.ca/metabolites/HMDB0062627;[8.13, 6.88];[4, 4];['m', 'm'];[2, 2];[[12, 16], [13, 15]];[[8.14, 8.13, 8.12, 8.11], [6.9, 6.89, 6.88, 6.87]];1H NMR Spectrum (1D, 600 MHz, CD3OD, experimental);;;;;;;
Saccharopine;N[C@@H](CCCCN[C@@H](CCC(O)=O)C(O)=O)C(O)=O;InChI=1S/C11H20N2O6/c12-7(10(16)17)3-1-2-6-13-8(11(18)19)4-5-9(14)15/h7-8,13H,1-6,12H2,(H,14,15)(H,16,17)(H,18,19)/t7-,8-/m0/s1;997-68-2;247 - 250 °C;Not Available;Not Available;Not Available;https://hmdb.ca/metabolites/HMDB0062698;[3.75, 3.59, 3.05, 2.39, 2.07, 1.9, 1.76, 1.48];[3, 3, 4, 3, 3, 13, 4, 11];['t', 't', 'td', 't', 'q', 'm', 'm', 'm'];[1, 1, 2, 2, 2, 2, 2, 2];[[32], [22], [23, 24], [35, 36], [33, 34], [29, 30], [25, 26], [27, 28]];[[3.76, 3.75, 3.73], [3.6, 3.59, 3.58], [3.06, 3.05, 3.04, 3.03], [2.4, 2.39, 2.37], [2.09, 2.07, 2.06], [1.96, 1.95, 1.94, 1.93, 1.92, 1.91, 1.9, 1.89, 1.88, 1.87, 1.86, 1.84, 1.83], [1.79, 1.77, 1.75, 1.74], [1.55, 1.53, 1.52, 1.51, 1.49, 1.48, 1.47, 1.46, 1.45, 1.43, 1.42]];1H NMR Spectrum (1D, 500 MHz, H2O, experimental);[3.85, 3.85, 3.78, 3.03, 2.59, 2.58, 2.3, 2.06, 1.88, 1.75, 1.46];[3, 3, 6, 5, 14, 10, 11, 14, 4, 5, 10];['t', 't', 'dt', 'dt', 'dtd', 'm', 't', 'dtd', 'td', 'tt', 'm'];[1, 1, 1, 1, 1, 1, 2, 1, 2, 2, 1];[[32], [22], [29], [30], [33], [25], [35, 36], [34], [23, 24], [27, 28], [26]];[[3.84, 3.85, 3.86], [3.84, 3.85, 3.86], [3.76, 3.77, 3.78, 3.78, 3.79, 3.81], [3.0, 3.02, 3.03, 3.04, 3.06], [2.55, 2.56, 2.56, 2.56, 2.57, 2.57, 2.58, 2.59, 2.59, 2.59, 2.6, 2.6, 2.61, 2.77], [2.54, 2.55, 2.57, 2.57, 2.58, 2.58, 2.59, 2.59, 2.61, 2.62], [2.24, 2.25, 2.25, 2.26, 2.42, 2.24, 2.25, 2.26, 2.36, 2.39, 2.39], [2.03, 2.04, 2.04, 2.04, 2.05, 2.05, 2.05, 2.06, 2.06, 2.07, 2.08, 2.08, 2.08, 2.09], [1.86, 1.87, 1.89, 1.9], [1.72, 1.74, 1.75, 1.76, 1.78], [1.42, 1.43, 1.45, 1.45, 1.46, 1.46, 1.47, 1.47, 1.48, 1.5]];1H NMR Spectrum (1D, 500 MHz, D2O, predicted)
D-Pipecolic acid;OC(=O)[C@H]1CCCCN1;InChI=1S/C6H11NO2/c8-6(9)5-3-1-2-4-7-5/h5,7H,1-4H2,(H,8,9)/t5-/m1/s1;1723-00-8;266 - 268 °C;265.80 °C. @  760.00 mm Hg (est);74060 mg/L @ 25 °C (est);Not Available;https://hmdb.ca/metabolites/HMDB0062767;;;;;;;;[3.57, 3.4, 2.2, 1.87, 1.58, 1.56];[4, 16, 10, 27, 24, 32];['dd', 'ddd', 'm', 'm', 'm', 'm'];[1, 2, 2, 2, 1, 1];[[11], [18, 19], [12, 13], [14, 15], [17], [16]];[[3.58, 3.58, 3.56, 3.56], [3.42, 3.42, 3.41, 3.41, 3.39, 3.39, 3.38, 3.38, 3.43, 3.42, 3.4, 3.4, 3.4, 3.4, 3.38, 3.37], [2.23, 2.17, 2.21, 2.19, 2.21, 2.19, 2.21, 2.19, 2.21, 2.19], [1.89, 1.88, 1.86, 1.89, 1.87, 1.87, 1.85, 1.89, 1.87, 1.87, 1.85, 1.88, 1.86, 1.87, 1.85, 1.91, 1.89, 1.89, 1.87, 1.87, 1.85, 1.89, 1.87, 1.87, 1.85, 1.85, 1.83], [1.6, 1.58, 1.58, 1.56, 1.59, 1.57, 1.57, 1.54, 1.58, 1.55, 1.55, 1.53, 1.63, 1.61, 1.61, 1.58, 1.62, 1.59, 1.59, 1.57, 1.6, 1.58, 1.58, 1.56], [1.57, 1.55, 1.55, 1.54, 1.56, 1.55, 1.55, 1.53, 1.56, 1.55, 1.55, 1.53, 1.56, 1.54, 1.55, 1.53, 1.59, 1.57, 1.58, 1.56, 1.59, 1.57, 1.57, 1.56, 1.59, 1.57, 1.57, 1.56, 1.58, 1.57, 1.57, 1.55]];1H NMR Spectrum (1D, 500 MHz, D2O, predicted)
Ureidopropionic acid;NC(=O)NCCC(O)=O;InChI=1S/C4H8N2O3/c5-4(9)6-2-1-3(7)8/h1-2H2,(H,7,8)(H3,5,6,9);462-88-4;170 °C;Not Available;20.9 mg/mL;Not Available;https://hmdb.ca/metabolites/HMDB0062812;[3.3, 2.36];[4, 3];['q', 't'];[2, 2];[[13, 14], [15, 16]];[[3.31, 3.3, 3.29, 3.28], [2.38, 2.36, 2.35]];1H NMR Spectrum (1D, 500 MHz, H2O, experimental);[3.29, 2.36];[5, 5];['t', 't'];[2, 2];[[13, 14], [15, 16]];[[3.28, 3.3, 3.28, 3.29, 3.3], [2.35, 2.37, 2.35, 2.36, 2.37]];1H NMR Spectrum (1D, 500 MHz, D2O, predicted)
Erythritol;OC[C@H](O)[C@H](O)CO;InChI=1S/C4H10O4/c5-1-3(7)4(8)2-6/h3-8H,1-2H2/t3-,4+;149-32-6;121.5 °C;330.00 to  331.00 °C. @  760.00 mm Hg;610 mg/mL at 22 °C;-2.29;https://hmdb.ca/metabolites/HMDB0094689;[3.77, 3.64];[2, 6];['d', 'm'];[2, 4];[[16, 17], [10, 11, 12, 14]];[[3.78, 3.76], [3.68, 3.67, 3.64, 3.63, 3.62, 3.61]];1H NMR Spectrum (1D, 500 MHz, H2O, experimental);[3.81, 3.7, 3.69, 3.6];[30, 44, 14, 42];['dd', 'td', 'dd', 'dd'];[1, 2, 1, 2];[[11], [12, 14], [16], [10, 17]];[[3.76, 3.76, 3.76, 3.77, 3.77, 3.77, 3.78, 3.78, 3.78, 3.78, 3.79, 3.79, 3.79, 3.79, 3.8, 3.8, 3.8, 3.8, 3.8, 3.81, 3.81, 3.82, 3.82, 3.86, 3.87, 3.87, 3.87, 3.87, 3.88, 3.88], [3.6, 3.67, 3.68, 3.68, 3.69, 3.69, 3.69, 3.69, 3.7, 3.7, 3.71, 3.72, 3.73, 3.77, 3.78, 3.78, 3.58, 3.61, 3.61, 3.66, 3.67, 3.67, 3.67, 3.68, 3.68, 3.68, 3.69, 3.69, 3.69, 3.69, 3.69, 3.7, 3.7, 3.7, 3.7, 3.71, 3.71, 3.72, 3.72, 3.72, 3.73, 3.76, 3.77, 3.78], [3.67, 3.67, 3.67, 3.67, 3.68, 3.68, 3.69, 3.69, 3.69, 3.7, 3.7, 3.71, 3.71, 3.71], [3.51, 3.51, 3.58, 3.58, 3.59, 3.59, 3.59, 3.59, 3.6, 3.6, 3.6, 3.6, 3.6, 3.61, 3.61, 3.61, 3.61, 3.62, 3.62, 3.62, 3.63, 3.63, 3.64, 3.64, 3.65, 3.58, 3.58, 3.59, 3.59, 3.59, 3.6, 3.6, 3.61, 3.61, 3.61, 3.62, 3.62, 3.62, 3.63, 3.63, 3.63, 3.64]];1H NMR Spectrum (1D, 500 MHz, D2O, predicted)
Sucrose;OC[C@H]1O[C@@](CO)(O[C@H]2O[C@H](CO)[C@@H](O)[C@H](O)[C@H]2O)[C@@H](O)[C@@H]1O;InChI=1S/C12H22O11/c13-1-4-6(16)8(18)9(19)11(21-4)23-12(3-15)10(20)7(17)5(2-14)22-12/h4-11,13-20H,1-3H2/t4-,5-,6-,7-,8+,9-,10+,11-,12+/m1/s1;57-50-1;185.5 °C;Not Available;2100 mg/mL;-3.70;https://hmdb.ca/metabolites/HMDB0125600;;;;;;;;;;;;;;
Sucrose;OC[C@H]1O[C@@](CO)(O[C@H]2O[C@H](CO)[C@@H](O)[C@H](O)[C@H]2O)[C@@H](O)[C@@H]1O;InChI=1S/C12H22O11/c13-1-4-6(16)8(18)9(19)11(21-4)23-12(3-15)10(20)7(17)5(2-14)22-12/h4-11,13-20H,1-3H2/t4-,5-,6-,7-,8+,9-,10+,11-,12+/m1/s1;57-50-1;185.5 °C;Not Available;2100 mg/mL;-3.70;https://hmdb.ca/metabolites/HMDB0125600;;;;;;;;;;;;;;
